[
	{
		"codigo": "G01",
		"infraccion": "Adelantar o sobrepasar en forma indebida a otro vehículo.",
		"gravedad": "Grave",
		"monto": "308",
		"descuento": "52.36",
		"sancion": "Multa",
		"puntos": "20",
		"medida": ""
	},{
		"codigo": "G02",
		"infraccion": "No hacer señales, ni tomar las precauciones para girar, voltear en U, pasar de un carril de la calzada a otro o detener el vehículo.",
		"gravedad": "Grave",
		"monto": "308",
		"descuento": "52.36",
		"sancion": "Multa",
		"puntos": "20",
		"medida": ""
	},{
		"codigo": "G03",
		"infraccion": "Detener el vehículo bruscamente sin motivo.",
		"gravedad": "Grave",
		"monto": "308",
		"descuento": "52.36",
		"sancion": "Multa",
		"puntos": "20",
		"medida": ""
	},{
		"codigo": "G04",
		"infraccion": "No detenerse antes de la línea de parada o antes de las áreas de intersección de calzadas o no respetar el derecho de paso del peatón.",
		"gravedad": "Grave",
		"monto": "308",
		"descuento": "52.36",
		"sancion": "Multa",
		"puntos": "20",
		"medida": ""
	},{
		"codigo": "G05",
		"infraccion": "No mantener una distancia suficiente, razonable y prudente, de acuerdo al tipo de vehículo y la vía por la que se conduce, mientras se desplaza o al detenerse detrás de otro.",
		"gravedad": "Grave",
		"monto": "308",
		"descuento": "52.36",
		"sancion": "Multa",
		"puntos": "20",
		"medida": ""
	},{
		"codigo": "G06",
		"infraccion": "No ubicar el vehículo con la debida anticipación en el carril donde va efectuar el giro o volteo.",
		"gravedad": "Grave",
		"monto": "308",
		"descuento": "52.36",
		"sancion": "Multa",
		"puntos": "20",
		"medida": ""
	},{
		"codigo": "G07",
		"infraccion": "No conducir por el carril de extremo derecho de la calzada un vehículo del servicio de transporte público de pasajeros o de carga o de desplazamiento lento o un vehículo automotor menor.",
		"gravedad": "Grave",
		"monto": "308",
		"descuento": "52.36",
		"sancion": "Multa",
		"puntos": "20",
		"medida": ""
	},{
		"codigo": "G08",
		"infraccion": "No utilizar el carril derecho para recoger o dejar pasajeros o carga.",
		"gravedad": "Grave",
		"monto": "308",
		"descuento": "52.36",
		"sancion": "Multa",
		"puntos": "20",
		"medida": ""
	},{
		"codigo": "G09",
		"infraccion": "Retroceder, salvo casos indispensables para mantener libre la circulación, para incorporarse a ella o para estacionar el vehículo.",
		"gravedad": "Grave",
		"monto": "308",
		"descuento": "52.36",
		"sancion": "Multa",
		"puntos": "20",
		"medida": ""
	},{
		"codigo": "G10",
		"infraccion": "Incumplir las disposiciones sobre el uso de las vías de tránsito rápido y/o de acceso restringido.",
		"gravedad": "Grave",
		"monto": "308",
		"descuento": "52.36",
		"sancion": "Multa",
		"puntos": "20",
		"medida": ""
	},{
		"codigo": "G11",
		"infraccion": "Circular, estacionar o detenerse sobre una isla de encauzamiento, canalizadora, de refugio o divisoria del tránsito, marcas delimitadoras de carriles, separadores centrales, bermas, aceras, áreas verdes, pasos peatonales, jardines o rampas para minusválidos.",
		"gravedad": "Grave",
		"monto": "308",
		"descuento": "52.36",
		"sancion": "Multa",
		"puntos": "20",
		"medida": "Remoción del vehículo"
	},{
		"codigo": "G12",
		"infraccion": "Girar estando el semáforo con luz roja y flecha verde, sin respetar el derecho preferente de paso de los peatones.",
		"gravedad": "Grave",
		"monto": "308",
		"descuento": "52.36",
		"sancion": "Multa",
		"puntos": "20",
		"medida": ""
	},{
		"codigo": "G13",
		"infraccion": "Conducir un vehículo con mayor número de personas al número de asientos señalado en la Tarjeta de Identificación Vehicular, con excepción de niños en brazos en los asientos posteriores; y, llevar pasajeros de pie en vehículos del servicio público de transporte urbano de pasajeros si la altura interior del vehículo es menor a 1.80 metros.",
		"gravedad": "Grave",
		"monto": "308",
		"descuento": "52.36",
		"sancion": "Multa",
		"puntos": "20",
		"medida": ""
	},{
		"codigo": "G14",
		"infraccion": "Tener la puerta, capot o maletera del vehículo abierta, cuando el vehículo está en marcha.",
		"gravedad": "Grave",
		"monto": "308",
		"descuento": "52.36",
		"sancion": "Multa",
		"puntos": "20",
		"medida": ""
	},{
		"codigo": "G15",
		"infraccion": "No utilizar las luces intermitentes de emergencia de un vehículo cuando se detiene por razones de fuerza mayor, obstaculizando el tránsito, o no colocar los dispositivos de seguridad reglamentarios cuando el vehículo queda inmovilizado en la vía pública.",
		"gravedad": "Grave",
		"monto": "308",
		"descuento": "52.36",
		"sancion": "Multa",
		"puntos": "20",
		"medida": ""
	},{
		"codigo": "G16",
		"infraccion": "Conducir un vehículo por una vía en la cual no está permitida la circulación o sobre mangueras contra incendio.",
		"gravedad": "Grave",
		"monto": "308",
		"descuento": "52.36",
		"sancion": "Multa",
		"puntos": "20",
		"medida": ""
	},{
		"codigo": "G17",
		"infraccion": "Conducir vehículos que tengan lunas o vidrios polarizados o acondicionados de modo tal que impidan la visibilidad del interior del vehículo, sin la autorización correspondiente.",
		"gravedad": "Grave",
		"monto": "308",
		"descuento": "52.36",
		"sancion": "Multa",
		"puntos": "20",
		"medida": "Retención del vehículo"
	},{
		"codigo": "G18",
		"infraccion": "Conducir un vehículo haciendo uso de teléfono celular, radio portátil o similar o cualquier otro objeto que impida tener ambas manos sobre el volante de dirección.",
		"gravedad": "Grave",
		"monto": "308",
		"descuento": "52.36",
		"sancion": "Multa",
		"puntos": "20",
		"medida": ""
	},{
		"codigo": "G19",
		"infraccion": "Conducir un vehículo de la categoría M o N que carezca de vidrios de seguridad reglamentarios o que su parabrisas se encuentre deteriorado, trizado o con objetos impresos, calcomanías, carteles u otros elementos en el área de barrido del limpiaparabrisas y que impidan la visibilidad del conductor o un vehículo de la categoría L5 que contando con parabrisas, micas o similares, tengan objetos impresos, calcomanías, carteles u otros elementos que impidan la visibilidad del conductor.",
		"gravedad": "Grave",
		"monto": "308",
		"descuento": "52.36",
		"sancion": "Multa",
		"puntos": "20",
		"medida": "Retención del vehículo"
	},{
		"codigo": "G20",
		"infraccion": "Conducir un vehículo que no cuenta con las luces y dispositivos retrorreflectivos previstos en los reglamentos pertinentes.",
		"gravedad": "Grave",
		"monto": "308",
		"descuento": "52.36",
		"sancion": "Multa",
		"puntos": "20",
		"medida": "Retención del vehículo"
	},{
		"codigo": "G21",
		"infraccion": "Conducir un vehículo sin espejos retrovisores.",
		"gravedad": "Grave",
		"monto": "308",
		"descuento": "52.36",
		"sancion": "Multa",
		"puntos": "20",
		"medida": "Retención del vehículo"
	},{
		"codigo": "G22",
		"infraccion": "Conducir un vehículo cuando llueve, llovizne o garúe, sin tener operativo el sistema de limpiaparabrisas.",
		"gravedad": "Grave",
		"monto": "308",
		"descuento": "52.36",
		"sancion": "Multa",
		"puntos": "20",
		"medida": "Retención del vehículo"
	},{
		"codigo": "G23",
		"infraccion": "Conducir un vehículo del servicio de transporte público urbano de pasajeros con personas de pie, si la altura interior del vehículo no supera a 1,80 metros.",
		"gravedad": "Grave",
		"monto": "308",
		"descuento": "52.36",
		"sancion": "Multa",
		"puntos": "20",
		"medida": ""
	},{
		"codigo": "G24",
		"infraccion": "Conducir un vehículo con el motor en punto neutro o apagado.",
		"gravedad": "Grave",
		"monto": "308",
		"descuento": "52.36",
		"sancion": "Multa",
		"puntos": "20",
		"medida": ""
	},{
		"codigo": "G25",
		"infraccion": "Conducir un vehículo sin portar el certificado del Seguro Obligatorio de Accidentes de Tránsito o Certificado Contra Accidentes de Tránsito, o que éstos no correspondan al uso del vehículo.",
		"gravedad": "Grave",
		"monto": "308",
		"descuento": "52.36",
		"sancion": "Multa",
		"puntos": "20",
		"medida": "Retención del vehículo"
	},{
		"codigo": "G26",
		"infraccion": "Conducir un vehículo de la categoría M o N con la salida del tubo de escape en la parte lateral derecha, de modo tal que las emisiones o gases sean expulsados hacia la acera por donde circulan los peatones.",
		"gravedad": "Grave",
		"monto": "308",
		"descuento": "52.36",
		"sancion": "Multa",
		"puntos": "20",
		"medida": "Retención del vehículo"
	},{
		"codigo": "G27",
		"infraccion": "Conducir un vehículo cuya carga o pasajeros obstruya la visibilidad de los espejos laterales.",
		"gravedad": "Grave",
		"monto": "308",
		"descuento": "52.36",
		"sancion": "Multa",
		"puntos": "20",
		"medida": ""
	},{
		"codigo": "G28",
		"infraccion": "En vehículos de las categorías M y N, no llevar puesto el cinturon de seguridad y/o permitir que los ocupantes del vehículo no lo utilicen en los casos en que, de acuerdo a las normas vigentes, exista tal obligación. En vehículos automotores de la categoria L5 no contar con cinturones de seguridad para los asientos de los pasajeros o no tener uno o más soportes fijados a su estructura que permitan a los pasajeros asirse de ellos mientras son transportados.",
		"gravedad": "Grave",
		"monto": "308",
		"descuento": "52.36",
		"sancion": "Multa",
		"puntos": "20",
		"medida": ""
	},{
		"codigo": "G29",
		"infraccion": "Circular en forma desordenada o haciendo maniobras peligrosas.",
		"gravedad": "Grave",
		"monto": "308",
		"descuento": "52.36",
		"sancion": "Multa",
		"puntos": "20",
		"medida": ""
	},{
		"codigo": "G30",
		"infraccion": "Circular transportando personas en la parte exterior de la carroceria o permitir que sobresalga parte del cuerpo de la(s) persona(s) transportada(s) en el vehículo.",
		"gravedad": "Grave",
		"monto": "308",
		"descuento": "52.36",
		"sancion": "Multa",
		"puntos": "20",
		"medida": ""
	},{
		"codigo": "G31",
		"infraccion": "En las vías públicas urbanas, circular en la noche o cuando la luz natural sea insuficiente o cuando las condiciones de visibilidad sean escasas, sin tener encendido el sistema de luces reglamentarias; o en la red vial nacional y departamental o regional, circular sin tener las luces bajas encendidas durante las veinticuatro (24) horas.",
		"gravedad": "Grave",
		"monto": "308",
		"descuento": "52.36",
		"sancion": "Multa",
		"puntos": "20",
		"medida": ""
	},{
		"codigo": "G32",
		"infraccion": "Circular por vías o pistas exclusivas para bicicletas.",
		"gravedad": "Grave",
		"monto": "308",
		"descuento": "52.36",
		"sancion": "Multa",
		"puntos": "20",
		"medida": "Remoción del vehículo"
	},{
		"codigo": "G33",
		"infraccion": "Circular transportando cargas que sobrepasen las dimensiones de la carrocería o que se encuentren ubicadas fuera de la misma; o transportar materiales sueltos, fluidos u otros sin adoptar las medidas de seguridad que impidan su caída a la vía.",
		"gravedad": "Grave",
		"monto": "308",
		"descuento": "52.36",
		"sancion": "Multa",
		"puntos": "20",
		"medida": "Remoción del vehículo"
	},{
		"codigo": "G34",
		"infraccion": "Remolcar vehículos sin las medidas de seguridad.",
		"gravedad": "Grave",
		"monto": "308",
		"descuento": "52.36",
		"sancion": "Multa",
		"puntos": "20",
		"medida": ""
	},{
		"codigo": "G35",
		"infraccion": "Usar luces altas en vías urbanas o hacer mal uso de las luces.",
		"gravedad": "Grave",
		"monto": "308",
		"descuento": "52.36",
		"sancion": "Multa",
		"puntos": "20",
		"medida": ""
	},{
		"codigo": "G36",
		"infraccion": "Compartir el asiento de conducir con otra persona, animal o cosa.",
		"gravedad": "Grave",
		"monto": "308",
		"descuento": "52.36",
		"sancion": "Multa",
		"puntos": "20",
		"medida": ""
	},{
		"codigo": "G37",
		"infraccion": "No reducir la velocidad al ingresar a un túnel o cruzar un puente, intersecciones o calles congestionadas, cuando transite por cuestas, cuando se aproxime y tome una curva o cambie de dirección, cuando circule por una vía estrecha o sinuosa, cuando se encuentre con un vehículo que circula en sentido contrario o cuando existan peligros especiales con respecto a los peatones u otros vehículos o por razones del clima o condiciones especiales de la vía.",
		"gravedad": "Grave",
		"monto": "308",
		"descuento": "52.36",
		"sancion": "Multa",
		"puntos": "20",
		"medida": ""
	},{
		"codigo": "G38",
		"infraccion": "Transitar lentamente por el carril de la izquierda, causando congestión o riesgo o rápidamente por el carril de la derecha.",
		"gravedad": "Grave",
		"monto": "308",
		"descuento": "52.36",
		"sancion": "Multa",
		"puntos": "20",
		"medida": ""
	},{
		"codigo": "G39",
		"infraccion": "Aumentar la velocidad cuando es alcanzado por otro vehículo que tiene la intención de sobrepasarlo o adelantarlo.",
		"gravedad": "Grave",
		"monto": "308",
		"descuento": "52.36",
		"sancion": "Multa",
		"puntos": "20",
		"medida": ""
	},{
		"codigo": "G40",
		"infraccion": "Estacionar el vehículo en zonas prohibidas o rigidas señalizadas o sin las señales de seguridad reglamentarias en caso de emergencia.",
		"gravedad": "Grave",
		"monto": "308",
		"descuento": "52.36",
		"sancion": "Multa",
		"puntos": "20",
		"medida": "Remoción del vehículo"
	},{
		"codigo": "G41",
		"infraccion": "Estacionar o detener el vehículo sobre la línea demarcatoria de intersección, dentro de éstas o en el crucero peatonal (paso peatonal).",
		"gravedad": "Grave",
		"monto": "308",
		"descuento": "52.36",
		"sancion": "Multa",
		"puntos": "20",
		"medida": "Remoción del vehículo"
	},{
		"codigo": "G42",
		"infraccion": "Estacionar frente a la entrada o salida de garajes, estacionamientos públicos, vías privadas o en las salidas de salas, espectáculos, centros deportivos en funcionamiento.",
		"gravedad": "Grave",
		"monto": "308",
		"descuento": "52.36",
		"sancion": "Multa",
		"puntos": "20",
		"medida": "Remoción del vehículo"
	},{
		"codigo": "G43",
		"infraccion": "Estacionar a una distancia menor de cinco (5) metros de una bocacalle, de las entradas de hospitales o centros de asistencia médica, cuerpos de bomberos o de hidrantes de servicio contra incendios, salvo los vehículos relacionados a la función del local.",
		"gravedad": "Grave",
		"monto": "308",
		"descuento": "52.36",
		"sancion": "Multa",
		"puntos": "20",
		"medida": "Remoción del vehículo"
	},{
		"codigo": "G44",
		"infraccion": "Estacionar a menos de tres (3) metros de las puertas de establecimientos educacionales, teatros, iglesias y hoteles, salvo los vehículos relacionados a la función del local.",
		"gravedad": "Grave",
		"monto": "308",
		"descuento": "52.36",
		"sancion": "Multa",
		"puntos": "20",
		"medida": "Remoción del vehículo"
	},{
		"codigo": "G45",
		"infraccion": "Estacionar a menos de veinte (20) metros de un cruce ferroviario a nivel.",
		"gravedad": "Grave",
		"monto": "308",
		"descuento": "52.36",
		"sancion": "Multa",
		"puntos": "20",
		"medida": "Remoción del vehículo"
	},{
		"codigo": "G46",
		"infraccion": "Estacionar en zonas no permitidas por la autoridad competente, a menos de diez (10) metros de un cruce peatonal o de un paradero de buses, así como en el propio sitio determinado para la parada del bus.",
		"gravedad": "Grave",
		"monto": "308",
		"descuento": "52.36",
		"sancion": "Multa",
		"puntos": "20",
		"medida": "Remoción del vehículo"
	},{
		"codigo": "G47",
		"infraccion": "Estacionar en lugar que afecte la operatividad del servicio de transporte público de pasajeros o carga o que afecte la seguridad, visibilidad o fluidez del tránsito o impida observar la señalización.",
		"gravedad": "Grave",
		"monto": "308",
		"descuento": "52.36",
		"sancion": "Multa",
		"puntos": "20",
		"medida": "Remoción del vehículo"
	},{
		"codigo": "G48",
		"infraccion": "Estacionar un ómnibus, microbus, casa rodante, camión, remolque, semirremolque, plataforma, tanque, tractocamión, tráiler, volquete o furgón, en en vías públicas de zona urbana, excepto en los lugares que habilite para tal fin la autoridad competente, mediante la señalización pertinente.",
		"gravedad": "Grave",
		"monto": "308",
		"descuento": "52.36",
		"sancion": "Multa",
		"puntos": "20",
		"medida": "Remoción del vehículo"
	},{
		"codigo": "G49",
		"infraccion": "Estacionar un vehículo de categorìa M, N u O a una distancia menor a un metro de la parte delantera o posterior de otro ya estacionado, salvo cuando se estacione en diagonal o perpendicular a la vía.",
		"gravedad": "Grave",
		"monto": "308",
		"descuento": "52.36",
		"sancion": "Multa",
		"puntos": "20",
		"medida": ""
	},{
		"codigo": "G50",
		"infraccion": "Estacionar en los terminales o estaciones de ruta, fuera de los estacionamientos externos determinados por la Autoridad competente.",
		"gravedad": "Grave",
		"monto": "308",
		"descuento": "52.36",
		"sancion": "Multa",
		"puntos": "20",
		"medida": "Remoción del vehículo"
	},{
		"codigo": "G51",
		"infraccion": "Estacionar un vehículo automotor por la noche en lugares donde, por la falta de alumbrado público, se impide su visibilidad, o en el día, cuando, por lluvia, llovizna o neblina u otro factor, la visibilidad es escasa, sin mantener encendidas las luces de estacionamiento.",
		"gravedad": "Grave",
		"monto": "308",
		"descuento": "52.36",
		"sancion": "Multa",
		"puntos": "20",
		"medida": "Remoción del vehículo"
	},{
		"codigo": "G52",
		"infraccion": "Estacionar un vehículo en vías con pendientes pronunciadas sin asegurar su inmovilización.",
		"gravedad": "Grave",
		"monto": "308",
		"descuento": "52.36",
		"sancion": "Multa",
		"puntos": "20",
		"medida": "Remoción del vehículo"
	},{
		"codigo": "G53",
		"infraccion": "Desplazar o empujar un vehículo bien estacionado, con el propósito de ampliar un espacio o tratar de estacionar otro vehículo.",
		"gravedad": "Grave",
		"monto": "308",
		"descuento": "52.36",
		"sancion": "Multa",
		"puntos": "20",
		"medida": ""
	},{
		"codigo": "G54",
		"infraccion": "Abandonar el vehículo en la vía pública.",
		"gravedad": "Grave",
		"monto": "308",
		"descuento": "52.36",
		"sancion": "Multa",
		"puntos": "20",
		"medida": "Remoción del vehículo"
	},{
		"codigo": "G55",
		"infraccion": "Utilizar la vía pública para efectuar reparaciones, salvo casos de emergencia.",
		"gravedad": "Grave",
		"monto": "308",
		"descuento": "52.36",
		"sancion": "Multa",
		"puntos": "20",
		"medida": "Remoción del vehículo"
	},{
		"codigo": "G56",
		"infraccion": "Recoger o dejar pasajeros fuera de los paraderos de ruta autorizados, cuando existan.",
		"gravedad": "Grave",
		"monto": "308",
		"descuento": "52.36",
		"sancion": "Multa",
		"puntos": "20",
		"medida": ""
	},{
		"codigo": "G57",
		"infraccion": "No respetar las señales que rigen el tránsito, cuyo incumplimiento no se encuentre tipificado en otra infracción.",
		"gravedad": "Grave",
		"monto": "308",
		"descuento": "52.36",
		"sancion": "Multa",
		"puntos": "20",
		"medida": ""
	},{
		"codigo": "G58",
		"infraccion": "No presentar la Tarjeta de Identificación Vehicular, la Licencia de Conducir o el Documento Nacional de Identidad o documento de identidad, según corresponda.",
		"gravedad": "Grave",
		"monto": "308",
		"descuento": "52.36",
		"sancion": "Multa",
		"puntos": "20",
		"medida": "Remoción del vehículo"
	},{
		"codigo": "G59",
		"infraccion": "Conducir un vehículo de categoría L, con excepción de la categoría L5, sin tener puesto el casco de seguridad o anteojos protectores, en caso de no tener parabrisas; o permitir que los demás ocupantes no tengan puesto el casco de seguridad.",
		"gravedad": "Grave",
		"monto": "308",
		"descuento": "52.36",
		"sancion": "Multa",
		"puntos": "20",
		"medida": "Remoción del vehículo"
	},{
		"codigo": "G60",
		"infraccion": "Circular con placas ilegibles o sin iluminación o que tengan adherido algún material, que impida su lectura a través de medios electrónicos, computarizados u otro tipo de mecanismos tecnológicos que permitan verificar la comisión de las infracciones de tránsito.",
		"gravedad": "Grave",
		"monto": "308",
		"descuento": "52.36",
		"sancion": "Multa",
		"puntos": "20",
		"medida": "Remoción del vehículo"
	},{
		"codigo": "G61",
		"infraccion": "No llevar las placas de rodaje en el lugar que corresponde.",
		"gravedad": "Grave",
		"monto": "308",
		"descuento": "52.36",
		"sancion": "Multa",
		"puntos": "20",
		"medida": "Remoción del vehículo"
	},{
		"codigo": "G62",
		"infraccion": "Incumplir con devolver las placas de exhibición, rotativa o transitoria dentro de los plazos establecidos en el Reglamento de Placa Única Nacional de Rodaje.",
		"gravedad": "Grave",
		"monto": "308",
		"descuento": "52.36",
		"sancion": "Multa",
		"puntos": "20",
		"medida": ""
	},{
		"codigo": "G63",
		"infraccion": "Utilizar señales audibles o visibles iguales o similares a las que utilizan los vehículos de emergencia o vehículos oficiales.",
		"gravedad": "Grave",
		"monto": "308",
		"descuento": "52.36",
		"sancion": "Multa",
		"puntos": "20",
		"medida": "Remoción del vehículo"
	},{
		"codigo": "G64",
		"infraccion": "Conducir un vehículo cuyas características registrables o condiciones técnicas han sido modificadas, alteradas o agregadas, atentando contra la seguridad de los usuarios o por no corresponder los datos consignados en la Tarjeta de Identificación Vehicular con los del vehículo.",
		"gravedad": "Grave",
		"monto": "308",
		"descuento": "52.36",
		"sancion": "Multa",
		"puntos": "20",
		"medida": "Remoción del vehículo"
	},{
		"codigo": "G65",
		"infraccion": "No ceder el paso a otros vehículos que tienen preferencia.",
		"gravedad": "Grave",
		"monto": "308",
		"descuento": "52.36",
		"sancion": "Multa",
		"puntos": "20",
		"medida": ""
	},{
		"codigo": "G66",
		"infraccion": "Seguir a los vehículos de emergencia y vehículos oficiales para avanzar más rápidamente.",
		"gravedad": "Grave",
		"monto": "308",
		"descuento": "52.36",
		"sancion": "Multa",
		"puntos": "20",
		"medida": ""
	},{
		"codigo": "G70",
		"infraccion": "Detener el vehiculo sobre la demarcación en el pavimento de la señal 'No bloquear cruce'",
		"gravedad": "Grave",
		"monto": "308",
		"descuento": "52.36",
		"sancion": "Multa",
		"puntos": "20",
		"medida": ""
	},{
		"codigo": "L01",
		"infraccion": "Dejar mal estacionado el vehículo en lugares permitidos.",
		"gravedad": "Leve",
		"monto": "154",
		"descuento": "26.18",
		"sancion": "Multa",
		"puntos": "5",
		"medida": ""
	},{
		"codigo": "L02",
		"infraccion": "Estacionar un vehículo en zonas de parqueo destinadas a vehículos que transportan a personas con discapacidad o conducidos por éstos.",
		"gravedad": "Leve",
		"monto": "154",
		"descuento": "26.18",
		"sancion": "Multa",
		"puntos": "5",
		"medida": "Remoción del vehículo"
	},{
		"codigo": "L03",
		"infraccion": "Utilizar el Permiso Especial de Parqueo para Personas con Discapacidad por parte de una persona a la cual no le corresponde.",
		"gravedad": "Leve",
		"monto": "154",
		"descuento": "26.18",
		"sancion": "Multa",
		"puntos": "5",
		"medida": ""
	},{
		"codigo": "L04",
		"infraccion": "Abrir o dejar abierta la puerta de un vehículo estacionado, dificultando la circulación vehicular.",
		"gravedad": "Leve",
		"monto": "154",
		"descuento": "26.18",
		"sancion": "Multa",
		"puntos": "5",
		"medida": ""
	},{
		"codigo": "L05",
		"infraccion": "Utilizar el carril de giro a la izquierda para continuar la marcha en cualquier dirección que no sea la específicamente señalada.",
		"gravedad": "Leve",
		"monto": "154",
		"descuento": "26.18",
		"sancion": "Multa",
		"puntos": "5",
		"medida": ""
	},{
		"codigo": "L06",
		"infraccion": "Arrojar, depositar o abandonar objetos o sustancias en la vía pública que dificulten la circulación.",
		"gravedad": "Leve",
		"monto": "154",
		"descuento": "26.18",
		"sancion": "Multa",
		"puntos": "5",
		"medida": ""
	},{
		"codigo": "L07",
		"infraccion": "Utilizar la bocina para llamar la atención en forma inncesaria.",
		"gravedad": "Leve",
		"monto": "154",
		"descuento": "26.18",
		"sancion": "Multa",
		"puntos": "5",
		"medida": ""
	},{
		"codigo": "L08",
		"infraccion": "Hacer uso de bocinas de descarga de aire comprimido en el ámbito urbano.",
		"gravedad": "Leve",
		"monto": "154",
		"descuento": "26.18",
		"sancion": "Multa",
		"puntos": "5",
		"medida": ""
	},{
		"codigo": "M01",
		"infraccion": "Conducir con presencia de alcohol en la sangre en proporción mayor a lo previsto en el Código Penal, o bajo los efectos de estupefacientes, narcóticos y/o alucinógenos comprobado con el exámen respectivo o por negarse al mismo y que haya participado en un accidente de tránsito.",
		"gravedad": "Muy Grave",
		"monto": "3850",
		"descuento": "3850",
		"sancion": "Multa y cancelación de la licencia de conducir e inhabilitación definitiva para obtener licencia",
		"puntos": "0",
		"medida": "Internamiento del Vehiculo y Retencion de la Licencia"
	},{
		"codigo": "M02",
		"infraccion": "Conducir con presencia de alcohol en la sangre en proporción mayor a lo previsto en el Código Penal, bajo los efectos de estupefacientes, narcóticos y/o alucinógenos comprobada con el exámen respectivo o por negarse al mismo.",
		"gravedad": "Muy Grave",
		"monto": "1925",
		"descuento": "1925",
		"sancion": "Multa y suspensión de la licencia de conducir por tres (3) años",
		"puntos": "0",
		"medida": "Internamiento del Vehiculo y Retencion de la Licencia"
	},{
		"codigo": "M03",
		"infraccion": "Conducir un vehículo automotor sin tener licencia de conducir o permiso provisional.",
		"gravedad": "Muy Grave",
		"monto": "1925",
		"descuento": "1925",
		"sancion": "Multa e inhabilitación para obtener licencia de conducir por tres (3) años",
		"puntos": "0",
		"medida": "Internamiento del vehículo"
	},{
		"codigo": "M04",
		"infraccion": "Conducir vehículos estando la licencia de conducir retenida, suspendida o estando inhabilitado para obtener licencia de conducir.",
		"gravedad": "Muy Grave",
		"monto": "3850",
		"descuento": "3850",
		"sancion": "Multa y suspensión de la licencia de conducir por tres (3) años, si ésta estuviese retenida o multa y cancelación definitiva de la licencia de conducir, si la licencia estuviere suspendida",
		"puntos": "0",
		"medida": "Internamiento del Vehiculo y Retencion de la Licencia"
	},{
		"codigo": "M05",
		"infraccion": "Conducir un vehículo con Licencia de Conducir cuya clase o categoría no corresponde al vehículo que conduce.",
		"gravedad": "Muy Grave",
		"monto": "1925",
		"descuento": "1925",
		"sancion": "Multa y suspensión de la licencia de conducir por un (1) año",
		"puntos": "70",
		"medida": "Retención del vehículo y retención de la licencia de conducir"
	},{
		"codigo": "M06",
		"infraccion": "Estacionar en las curvas, puentes, túneles, zonas estrechas de la vía, pasos a nivel, pasos a desnivel en cambios de rasante, pendientes y cruces de ferrocarril.",
		"gravedad": "Muy Grave",
		"monto": "924",
		"descuento": "924",
		"sancion": "Multa",
		"puntos": "60",
		"medida": "Remoción del vehículo"
	},{
		"codigo": "M07",
		"infraccion": "Participar en competencias de velocidad en eventos no autorizados.",
		"gravedad": "Muy Grave",
		"monto": "924",
		"descuento": "924",
		"sancion": "Multa",
		"puntos": "60",
		"medida": ""
	},{
		"codigo": "M08",
		"infraccion": "Permitir a un menor de edad la conducción de un vehículo automotor, sin autorización o permiso provisional.",
		"gravedad": "Muy Grave",
		"monto": "924",
		"descuento": "924",
		"sancion": "Multa",
		"puntos": "60",
		"medida": "Retención del vehículo"
	},{
		"codigo": "M09",
		"infraccion": "Conducir un vehículo con cualquiera de sus sistemas de dirección, frenos, suspensión, luces o eléctrico en mal estado, previa inspección técnica vehicular.",
		"gravedad": "Muy Grave",
		"monto": "924",
		"descuento": "924",
		"sancion": "Multa",
		"puntos": "60",
		"medida": "Retención del vehículo"
	},{
		"codigo": "M10",
		"infraccion": "Abastecer de combustible un vehículo del servicio de transporte público de pasajeros con personas a bordo del vehículo.",
		"gravedad": "Muy Grave",
		"monto": "462",
		"descuento": "78.54",
		"sancion": "Multa",
		"puntos": "50",
		"medida": ""
	},{
		"codigo": "M11",
		"infraccion": "Conducir vehículos de las categorías M o N sin parachoques o dispositivo antiempotramiento cuando corresponda; o un vehículo de la categoría L5 sin parachoques posterior, conforme a lo establecido en el Reglamento Nacional de Vehículos.",
		"gravedad": "Muy Grave",
		"monto": "462",
		"descuento": "78.54",
		"sancion": "Multa",
		"puntos": "50",
		"medida": "Retención del vehículo"
	},{
		"codigo": "M12",
		"infraccion": "No detenerse al aproximarse a un vehículo de transporte escolar debidamente identificado que está recogiendo o dejando escolares.",
		"gravedad": "Muy Grave",
		"monto": "462",
		"descuento": "462",
		"sancion": "Multa",
		"puntos": "50",
		"medida": ""
	},{
		"codigo": "M13",
		"infraccion": "Conducir un vehículo con neumático(s), cuya banda de rodadura presente desgaste inferior al establecido en el Reglamento Nacional de Vehículos.",
		"gravedad": "Muy Grave",
		"monto": "462",
		"descuento": "78.54",
		"sancion": "Multa",
		"puntos": "50",
		"medida": "Retención del vehículo"
	},{
		"codigo": "M14",
		"infraccion": "No detenerse al llegar a un cruce ferroviario a nivel o reiniciar la marcha sin haber comprobado que no se aproxima tren o vehículo ferroviario, o cruzar la vía ferrea por lugares distintos a los cruces a nivel establecidos.",
		"gravedad": "Muy Grave",
		"monto": "462",
		"descuento": "78.54",
		"sancion": "Multa",
		"puntos": "50",
		"medida": ""
	},{
		"codigo": "M15",
		"infraccion": "Circular produciendo contaminación en un índice superior a los límites máximos permisibles de emisión de gases contaminantes.",
		"gravedad": "Muy Grave",
		"monto": "462",
		"descuento": "78.54",
		"sancion": "Multa",
		"puntos": "50",
		"medida": "Retención del vehículo"
	},{
		"codigo": "M16",
		"infraccion": "Circular en sentido contrario al tránsito autorizado.",
		"gravedad": "Muy Grave",
		"monto": "462",
		"descuento": "462",
		"sancion": "Multa",
		"puntos": "50",
		"medida": ""
	},{
		"codigo": "M17",
		"infraccion": "Cruzar una intersección o girar, estando el semáforo con luz roja y no existiendo la indicación en contrario.",
		"gravedad": "Muy Grave",
		"monto": "462",
		"descuento": "462",
		"sancion": "Multa",
		"puntos": "50",
		"medida": ""
	},{
		"codigo": "M18",
		"infraccion": "Desobedecer las indicaciones del efectivo de la Policía Nacional del Perú asignado al control del tránsito.",
		"gravedad": "Muy Grave",
		"monto": "462",
		"descuento": "78.54",
		"sancion": "Multa",
		"puntos": "50",
		"medida": ""
	},{
		"codigo": "M19",
		"infraccion": "Conducir vehículos sin cumplir con las restricciones que consigna la Licencia de Conducir.",
		"gravedad": "Muy Grave",
		"monto": "462",
		"descuento": "78.54",
		"sancion": "Multa",
		"puntos": "50",
		"medida": "Retención del vehículo"
	},{
		"codigo": "M21",
		"infraccion": "Estacionar interrumpiendo totalmente el tránsito.",
		"gravedad": "Muy Grave",
		"monto": "462",
		"descuento": "462",
		"sancion": "Multa",
		"puntos": "50",
		"medida": "Retención del vehículo"
	},{
		"codigo": "M22",
		"infraccion": "Detenerse para cargar o descargar mercancías en la calzada y/o en los lugares que puedan constituir un peligro u obstáculo o interrumpan la circulación.",
		"gravedad": "Muy Grave",
		"monto": "462",
		"descuento": "78.54",
		"sancion": "Multa",
		"puntos": "50",
		"medida": "Retención del vehículo"
	},{
		"codigo": "M23",
		"infraccion": "Estacionar o detener el vehículo en el carril de circulación, en carreteras o caminos donde existe berma lateral.",
		"gravedad": "Muy Grave",
		"monto": "462",
		"descuento": "462",
		"sancion": "Multa",
		"puntos": "50",
		"medida": "Retención del vehículo"
	},{
		"codigo": "M24",
		"infraccion": "Circular sin placas de rodaje o sin el permiso correspondiente.",
		"gravedad": "Muy Grave",
		"monto": "462",
		"descuento": "78.54",
		"sancion": "Multa",
		"puntos": "50",
		"medida": "Retención del vehículo"
	},{
		"codigo": "M25",
		"infraccion": "No dar preferencia de paso a los vehíuclos de emergencia y vehículos oficiales cuando hagan uso de sus señales audibles y visibles.",
		"gravedad": "Muy Grave",
		"monto": "462",
		"descuento": "78.54",
		"sancion": "Multa",
		"puntos": "50",
		"medida": ""
	},{
		"codigo": "M26",
		"infraccion": "Conducir un vehículo especial que no se ajuste a las exigencias reglamentarias sin la autorización correspondiente.",
		"gravedad": "Muy Grave",
		"monto": "462",
		"descuento": "78.54",
		"sancion": "Multa",
		"puntos": "50",
		"medida": "Retención del vehículo"
	},{
		"codigo": "M27",
		"infraccion": "Conducir un vehículo que no cuente con el certificado de aprobación de inspección técnica vehicular.",
		"gravedad": "Muy Grave",
		"monto": "1925",
		"descuento": "1925",
		"sancion": "Multa",
		"puntos": "50",
		"medida": "Internamiento del vehículo"
	},{
		"codigo": "M28",
		"infraccion": "Conducir un vehículo sin contar con la póliza del Seguro Obligatorio de Accidentes de Tránsito, o Certificado de Accidentes de Tránsito, cuando corresponda, o éstos no se encuentre vigente.",
		"gravedad": "Muy Grave",
		"monto": "462",
		"descuento": "462",
		"sancion": "Multa",
		"puntos": "50",
		"medida": "Retención del vehículo"
	},{
		"codigo": "M29",
		"infraccion": "Deteriorar intencionalmente, adulterar, destruir o sustraer las Placas de exhibición, rotativa o transitoria .",
		"gravedad": "Muy Grave",
		"monto": "462",
		"descuento": "462",
		"sancion": "Multa",
		"puntos": "50",
		"medida": "Retención del vehículo"
	},{
		"codigo": "M30",
		"infraccion": "Usar las placas de exhibición, rotativa o transitoria fuera del plazo, horario o ruta establecida o cuando esta ha caducado o ha sido invalidada.",
		"gravedad": "Muy Grave",
		"monto": "462",
		"descuento": "78.54",
		"sancion": "Multa",
		"puntos": "50",
		"medida": "Retención del vehículo"
	},{
		"codigo": "M31",
		"infraccion": "Utilizar las placas de exhibición, rotativa o transitoria en vehículos a los que no se encuentren asignadas.",
		"gravedad": "Muy Grave",
		"monto": "462",
		"descuento": "462",
		"sancion": "Multa",
		"puntos": "50",
		"medida": "Retención del vehículo"
	},{
		"codigo": "M32",
		"infraccion": "Tramitar u obtener duplicado, recategorización, revalidación, canje o nueva licencia de conducir de cualquier clase, por el infractor cuya licencia de conducir se encuentre retenida, suspendida o cancelada o se encuentre inhabilitado para obtenerla.",
		"gravedad": "Muy Grave",
		"monto": "462",
		"descuento": "462",
		"sancion": "Multa y Suspensión de la licencia de conducir por el doble del tiempo que se encontraba suspendida; o multa y la inhabilitación definitiva del conductor, si la licencia de conducir se encontraba cancelada o el conductor estaba inhabilitado",
		"puntos": "50",
		"medida": "Retención de la licencia"
	},{
		"codigo": "M33",
		"infraccion": "Operar maquinaria especial por la vía pública.",
		"gravedad": "Muy Grave",
		"monto": "462",
		"descuento": "78.54",
		"sancion": "Multa",
		"puntos": "50",
		"medida": "Retención del vehículo"
	},{
		"codigo": "M34",
		"infraccion": "Circular produciendo ruidos que superen los límites máximos permisibles.",
		"gravedad": "Muy Grave",
		"monto": "462",
		"descuento": "78.54",
		"sancion": "Multa",
		"puntos": "50",
		"medida": ""
	},{
		"codigo": "M35",
		"infraccion": "Voltear en U sobre la misma calzada, en las curvas, puentes, pasos a desnivel, vías expresas, túneles, estructuras elevadas, cima de cuesta, cruce ferroviario a nivel.",
		"gravedad": "Muy Grave",
		"monto": "462",
		"descuento": "78.54",
		"sancion": "Multa",
		"puntos": "50",
		"medida": ""
	},{
		"codigo": "M36",
		"infraccion": "Transportar carga sin los dispositivos de sujeción o seguridad establecidos.",
		"gravedad": "Muy Grave",
		"monto": "462",
		"descuento": "78.54",
		"sancion": "Multa",
		"puntos": "50",
		"medida": "Retención del vehículo"
	},{
		"codigo": "M37",
		"infraccion": "Conducir y ocasionar un accidente de tránsito con daños personales inobservando las normas de tránsito dispuestas en el presente Reglamento.",
		"gravedad": "Muy Grave",
		"monto": "",
		"descuento": "",
		"sancion": "Suspensión de la licencia de conducir por un (1) año",
		"puntos": "50",
		"medida": "Internamiento del Vehiculo y Retencion de la Licencia"
	},{
		"codigo": "M38",
		"infraccion": "Conducir un vehículo para el servicio de transporte público y ocasionar un accidente de tránsito con daños personales inobservando las normas de tránsito dispuestas por el presente Reglamento.",
		"gravedad": "Muy Grave",
		"monto": "",
		"descuento": "",
		"sancion": "Suspensión de la licencia de conducir por tres (3) años",
		"puntos": "0",
		"medida": "Internamiento del Vehiculo y Retencion de la Licencia"
	},{
		"codigo": "M39",
		"infraccion": "Conducir y ocasionar un accidente de tránsito con lesiones graves o muerte inobservando las normas de tránsito dispuestas en el presente Reglamento.",
		"gravedad": "Muy Grave",
		"monto": "",
		"descuento": "",
		"sancion": "Cancelación e inhabilitación definitiva del conductor para obtener una licencia de conducir",
		"puntos": "0",
		"medida": "Internamiento del Vehiculo y Retencion de la Licencia"
	}
]	